[
  {
    "id": "block_i_ready",
    "priority": 1,
    "action": {
      "type": "block"
    },
    "condition": {
      "urlFilter": "https://*.i-ready.com/*"
    }
  },
  {
    "id": "allow_google_analytics",
    "priority": 2,
    "action": {
      "type": "modifyHeaders",
      "responseHeaders": [
        {
          "header": "Access-Control-Allow-Origin",
          "value": "*"
        }
      ]
    },
    "condition": {
      "urlFilter": "https://www.google-analytics.com/*"
    }
  }
]
